"","gender","accession","counts"
"1","F","101CV0ng_LUNG",0
"2","M","101CV0ng_LUNG",0
"3","unknown","101CV0ng_LUNG",15
"4","F","16E0F2ng_LUNG",0
"5","M","16E0F2ng_LUNG",0
"6","unknown","16E0F2ng_LUNG",20
"7","F","1A1DFBng_LUNG",0
"8","M","1A1DFBng_LUNG",0
"9","unknown","1A1DFBng_LUNG",22
"10","F","343B_0h",0
"11","M","343B_0h",0
"12","unknown","343B_0h",19
"13","F","343B_24h",0
"14","M","343B_24h",0
"15","unknown","343B_24h",15
"16","F","343B_72h",0
"17","M","343B_72h",0
"18","unknown","343B_72h",31
"19","F","356C_0h",0
"20","M","356C_0h",0
"21","unknown","356C_0h",28
"22","F","356C_12h",0
"23","M","356C_12h",0
"24","unknown","356C_12h",28
"25","F","356C_24h",0
"26","M","356C_24h",0
"27","unknown","356C_24h",27
"28","F","356C_72h",0
"29","M","356C_72h",0
"30","unknown","356C_72h",29
"31","F","367C_0h",0
"32","M","367C_0h",0
"33","unknown","367C_0h",26
"34","F","367C_12h",0
"35","M","367C_12h",0
"36","unknown","367C_12h",31
"37","F","367C_24h",0
"38","M","367C_24h",0
"39","unknown","367C_24h",11
"40","F","367C_72h",0
"41","M","367C_72h",0
"42","unknown","367C_72h",22
"43","F","368C_0h",0
"44","M","368C_0h",0
"45","unknown","368C_0h",5
"46","F","368C_12h",0
"47","M","368C_12h",0
"48","unknown","368C_12h",29
"49","F","368C_24h",0
"50","M","368C_24h",0
"51","unknown","368C_24h",13
"52","F","368C_72h",0
"53","M","368C_72h",0
"54","unknown","368C_72h",13
"55","F","390C_0h",0
"56","M","390C_0h",0
"57","unknown","390C_0h",27
"58","F","390C_12h",0
"59","M","390C_12h",0
"60","unknown","390C_12h",31
"61","F","390C_24h",0
"62","M","390C_24h",0
"63","unknown","390C_24h",17
"64","F","390C_72h",0
"65","M","390C_72h",0
"66","unknown","390C_72h",18
"67","F","4951STDY7472265_LUNG",0
"68","M","4951STDY7472265_LUNG",0
"69","unknown","4951STDY7472265_LUNG",21
"70","F","4951STDY7472266_LUNG",0
"71","M","4951STDY7472266_LUNG",0
"72","unknown","4951STDY7472266_LUNG",64
"73","F","4951STDY7472267_LUNG",0
"74","M","4951STDY7472267_LUNG",0
"75","unknown","4951STDY7472267_LUNG",44
"76","F","4951STDY7487591_LUNG",0
"77","M","4951STDY7487591_LUNG",0
"78","unknown","4951STDY7487591_LUNG",18
"79","F","4951STDY7487592_LUNG",0
"80","M","4951STDY7487592_LUNG",0
"81","unknown","4951STDY7487592_LUNG",22
"82","F","4951STDY7487593_LUNG",0
"83","M","4951STDY7487593_LUNG",0
"84","unknown","4951STDY7487593_LUNG",12
"85","F","9JQK55ng_LUNG",0
"86","M","9JQK55ng_LUNG",0
"87","unknown","9JQK55ng_LUNG",24
"88","F","A9LCTZng_LUNG",0
"89","M","A9LCTZng_LUNG",0
"90","unknown","A9LCTZng_LUNG",36
"91","F","AdultLung_1",0
"92","M","AdultLung_1",0
"93","unknown","AdultLung_1",58
"94","F","AdultLung_2",0
"95","M","AdultLung_2",0
"96","unknown","AdultLung_2",28
"97","F","AdultLung_3",0
"98","M","AdultLung_3",0
"99","unknown","AdultLung_3",52
"100","F","CTTV027_RNAseq6949176_LUNG",0
"101","M","CTTV027_RNAseq6949176_LUNG",0
"102","unknown","CTTV027_RNAseq6949176_LUNG",16
"103","F","CTTV027_RNAseq6949177_LUNG",0
"104","M","CTTV027_RNAseq6949177_LUNG",0
"105","unknown","CTTV027_RNAseq6949177_LUNG",22
"106","F","CTTV027_RNAseq7118945_LUNG",0
"107","M","CTTV027_RNAseq7118945_LUNG",0
"108","unknown","CTTV027_RNAseq7118945_LUNG",3
"109","F","CTTV027_RNAseq7118946_LUNG",0
"110","M","CTTV027_RNAseq7118946_LUNG",0
"111","unknown","CTTV027_RNAseq7118946_LUNG",10
"112","F","CTTV027_RNAseq7333557_LUNG",0
"113","M","CTTV027_RNAseq7333557_LUNG",0
"114","unknown","CTTV027_RNAseq7333557_LUNG",22
"115","F","D088_LUNG",0
"116","M","D088_LUNG",0
"117","unknown","D088_LUNG",32
"118","F","D122_LUNG",0
"119","M","D122_LUNG",0
"120","unknown","D122_LUNG",17
"121","F","D150_LUNG",0
"122","M","D150_LUNG",0
"123","unknown","D150_LUNG",45
"124","F","D175_LUNG",0
"125","M","D175_LUNG",0
"126","unknown","D175_LUNG",13
"127","F","D231_LUNG",0
"128","M","D231_LUNG",0
"129","unknown","D231_LUNG",14
"130","F","distal_1a_LUNG",0
"131","M","distal_1a_LUNG",0
"132","unknown","distal_1a_LUNG",6
"133","F","distal_1b_LUNG",0
"134","M","distal_1b_LUNG",0
"135","unknown","distal_1b_LUNG",2
"136","F","distal_2_LUNG",0
"137","M","distal_2_LUNG",0
"138","unknown","distal_2_LUNG",2
"139","F","distal_3_LUNG",0
"140","M","distal_3_LUNG",0
"141","unknown","distal_3_LUNG",2
"142","F","ERR8048258",0
"143","M","ERR8048258",24
"144","unknown","ERR8048258",0
"145","F","ERR8048273",154
"146","M","ERR8048273",0
"147","unknown","ERR8048273",0
"148","F","ERR8048274",78
"149","M","ERR8048274",0
"150","unknown","ERR8048274",0
"151","F","FetalLung_1",0
"152","M","FetalLung_1",0
"153","unknown","FetalLung_1",4
"154","F","FetalLung_2",0
"155","M","FetalLung_2",0
"156","unknown","FetalLung_2",4
"157","F","Fib_Atlas",0
"158","M","Fib_Atlas",0
"159","unknown","Fib_Atlas",8
"160","F","GSM3425686",0
"161","M","GSM3425686",36
"162","unknown","GSM3425686",0
"163","F","GSM3425687",0
"164","M","GSM3425687",27
"165","unknown","GSM3425687",0
"166","F","GSM3425692",0
"167","M","GSM3425692",76
"168","unknown","GSM3425692",0
"169","F","GSM3425693",0
"170","M","GSM3425693",42
"171","unknown","GSM3425693",0
"172","F","GSM3489182",0
"173","M","GSM3489182",0
"174","unknown","GSM3489182",20
"175","F","GSM3489185",0
"176","M","GSM3489185",0
"177","unknown","GSM3489185",28
"178","F","GSM3489187",0
"179","M","GSM3489187",0
"180","unknown","GSM3489187",35
"181","F","GSM3489189",0
"182","M","GSM3489189",0
"183","unknown","GSM3489189",28
"184","F","GSM3489191",0
"185","M","GSM3489191",0
"186","unknown","GSM3489191",29
"187","F","GSM3489193",0
"188","M","GSM3489193",0
"189","unknown","GSM3489193",27
"190","F","GSM3489195",0
"191","M","GSM3489195",0
"192","unknown","GSM3489195",54
"193","F","GSM3489197",0
"194","M","GSM3489197",0
"195","unknown","GSM3489197",49
"196","F","GSM3589406",0
"197","M","GSM3589406",0
"198","unknown","GSM3589406",15
"199","F","GSM3589407",0
"200","M","GSM3589407",0
"201","unknown","GSM3589407",16
"202","F","GSM3891620",0
"203","M","GSM3891620",0
"204","unknown","GSM3891620",117
"205","F","GSM3891621",0
"206","M","GSM3891621",0
"207","unknown","GSM3891621",51
"208","F","GSM3891622",0
"209","M","GSM3891622",0
"210","unknown","GSM3891622",55
"211","F","GSM3891623",0
"212","M","GSM3891623",0
"213","unknown","GSM3891623",63
"214","F","GSM3891624",0
"215","M","GSM3891624",0
"216","unknown","GSM3891624",33
"217","F","GSM3891625",0
"218","M","GSM3891625",0
"219","unknown","GSM3891625",68
"220","F","GSM3891632",0
"221","M","GSM3891632",0
"222","unknown","GSM3891632",129
"223","F","GSM3891633",0
"224","M","GSM3891633",0
"225","unknown","GSM3891633",122
"226","F","GSM3891634",0
"227","M","GSM3891634",0
"228","unknown","GSM3891634",41
"229","F","GSM3891635",0
"230","M","GSM3891635",0
"231","unknown","GSM3891635",72
"232","F","GSM3896324",0
"233","M","GSM3896324",0
"234","unknown","GSM3896324",33
"235","F","GSM3896325",0
"236","M","GSM3896325",0
"237","unknown","GSM3896325",49
"238","F","GSM3896326",0
"239","M","GSM3896326",0
"240","unknown","GSM3896326",13
"241","F","GSM4008628",0
"242","M","GSM4008628",0
"243","unknown","GSM4008628",18
"244","F","GSM4008629",0
"245","M","GSM4008629",0
"246","unknown","GSM4008629",1
"247","F","GSM4008630",0
"248","M","GSM4008630",0
"249","unknown","GSM4008630",3
"250","F","GSM4008631",0
"251","M","GSM4008631",0
"252","unknown","GSM4008631",1
"253","F","GSM4008632",0
"254","M","GSM4008632",0
"255","unknown","GSM4008632",3
"256","F","GSM4008633",0
"257","M","GSM4008633",0
"258","unknown","GSM4008633",3
"259","F","GSM4037301",0
"260","M","GSM4037301",0
"261","unknown","GSM4037301",45
"262","F","GSM4037302",0
"263","M","GSM4037302",0
"264","unknown","GSM4037302",46
"265","F","GSM4037305",0
"266","M","GSM4037305",0
"267","unknown","GSM4037305",103
"268","F","GSM4037306",0
"269","M","GSM4037306",0
"270","unknown","GSM4037306",46
"271","F","GSM4037309",0
"272","M","GSM4037309",0
"273","unknown","GSM4037309",13
"274","F","GSM4037313",0
"275","M","GSM4037313",0
"276","unknown","GSM4037313",34
"277","F","GSM4037316",0
"278","M","GSM4037316",0
"279","unknown","GSM4037316",22
"280","F","GSM4037323",0
"281","M","GSM4037323",0
"282","unknown","GSM4037323",14
"283","F","GSM4037324",0
"284","M","GSM4037324",0
"285","unknown","GSM4037324",35
"286","F","GSM4037325",0
"287","M","GSM4037325",0
"288","unknown","GSM4037325",44
"289","F","GSM4058901",13
"290","M","GSM4058901",0
"291","unknown","GSM4058901",0
"292","F","GSM4058904",0
"293","M","GSM4058904",152
"294","unknown","GSM4058904",0
"295","F","GSM4058905",0
"296","M","GSM4058905",3
"297","unknown","GSM4058905",0
"298","F","GSM4058907",0
"299","M","GSM4058907",36
"300","unknown","GSM4058907",0
"301","F","GSM4058908",11
"302","M","GSM4058908",0
"303","unknown","GSM4058908",0
"304","F","GSM4058909",42
"305","M","GSM4058909",0
"306","unknown","GSM4058909",0
"307","F","GSM4058913",0
"308","M","GSM4058913",93
"309","unknown","GSM4058913",0
"310","F","GSM4058914",91
"311","M","GSM4058914",0
"312","unknown","GSM4058914",0
"313","F","GSM4058915",18
"314","M","GSM4058915",0
"315","unknown","GSM4058915",0
"316","F","GSM4058916",0
"317","M","GSM4058916",21
"318","unknown","GSM4058916",0
"319","F","GSM4058917",166
"320","M","GSM4058917",0
"321","unknown","GSM4058917",0
"322","F","GSM4058918",0
"323","M","GSM4058918",22
"324","unknown","GSM4058918",0
"325","F","GSM4058919",0
"326","M","GSM4058919",20
"327","unknown","GSM4058919",0
"328","F","GSM4058920",5
"329","M","GSM4058920",0
"330","unknown","GSM4058920",0
"331","F","GSM4058921",42
"332","M","GSM4058921",0
"333","unknown","GSM4058921",0
"334","F","GSM4058922",19
"335","M","GSM4058922",0
"336","unknown","GSM4058922",0
"337","F","GSM4058923",16
"338","M","GSM4058923",0
"339","unknown","GSM4058923",0
"340","F","GSM4058924",0
"341","M","GSM4058924",21
"342","unknown","GSM4058924",0
"343","F","GSM4058925",0
"344","M","GSM4058925",3
"345","unknown","GSM4058925",0
"346","F","GSM4058926",0
"347","M","GSM4058926",3
"348","unknown","GSM4058926",0
"349","F","GSM4058927",0
"350","M","GSM4058927",39
"351","unknown","GSM4058927",0
"352","F","GSM4058928",0
"353","M","GSM4058928",85
"354","unknown","GSM4058928",0
"355","F","GSM4058931",80
"356","M","GSM4058931",0
"357","unknown","GSM4058931",0
"358","F","GSM4058932",0
"359","M","GSM4058932",35
"360","unknown","GSM4058932",0
"361","F","GSM4058933",0
"362","M","GSM4058933",179
"363","unknown","GSM4058933",0
"364","F","GSM4058934",0
"365","M","GSM4058934",72
"366","unknown","GSM4058934",0
"367","F","GSM4058935",0
"368","M","GSM4058935",119
"369","unknown","GSM4058935",0
"370","F","GSM4058936",28
"371","M","GSM4058936",0
"372","unknown","GSM4058936",0
"373","F","GSM4058937",65
"374","M","GSM4058937",0
"375","unknown","GSM4058937",0
"376","F","GSM4058938",0
"377","M","GSM4058938",57
"378","unknown","GSM4058938",0
"379","F","GSM4058939",112
"380","M","GSM4058939",0
"381","unknown","GSM4058939",0
"382","F","GSM4058940",149
"383","M","GSM4058940",0
"384","unknown","GSM4058940",0
"385","F","GSM4058941",0
"386","M","GSM4058941",47
"387","unknown","GSM4058941",0
"388","F","GSM4058942",0
"389","M","GSM4058942",16
"390","unknown","GSM4058942",0
"391","F","GSM4058947",0
"392","M","GSM4058947",66
"393","unknown","GSM4058947",0
"394","F","GSM4058949",0
"395","M","GSM4058949",116
"396","unknown","GSM4058949",0
"397","F","GSM4058953",0
"398","M","GSM4058953",182
"399","unknown","GSM4058953",0
"400","F","GSM4058956",0
"401","M","GSM4058956",81
"402","unknown","GSM4058956",0
"403","F","GSM4058957",118
"404","M","GSM4058957",0
"405","unknown","GSM4058957",0
"406","F","GSM4058962",0
"407","M","GSM4058962",87
"408","unknown","GSM4058962",0
"409","F","GSM4058963",0
"410","M","GSM4058963",7
"411","unknown","GSM4058963",0
"412","F","GSM4058971",0
"413","M","GSM4058971",114
"414","unknown","GSM4058971",0
"415","F","GSM4058973",0
"416","M","GSM4058973",37
"417","unknown","GSM4058973",0
"418","F","GSM4058975",0
"419","M","GSM4058975",103
"420","unknown","GSM4058975",0
"421","F","GSM4058976",0
"422","M","GSM4058976",45
"423","unknown","GSM4058976",0
"424","F","GSM4058977",0
"425","M","GSM4058977",206
"426","unknown","GSM4058977",0
"427","F","GSM4065876",0
"428","M","GSM4065876",8
"429","unknown","GSM4065876",0
"430","F","GSM4065877",0
"431","M","GSM4065877",9
"432","unknown","GSM4065877",0
"433","F","GSM4065878",0
"434","M","GSM4065878",30
"435","unknown","GSM4065878",0
"436","F","GSM4065879",0
"437","M","GSM4065879",22
"438","unknown","GSM4065879",0
"439","F","GSM4143262",0
"440","M","GSM4143262",0
"441","unknown","GSM4143262",142
"442","F","GSM4143263",0
"443","M","GSM4143263",0
"444","unknown","GSM4143263",123
"445","F","GSM4143656",0
"446","M","GSM4143656",0
"447","unknown","GSM4143656",11
"448","F","GSM4143658",0
"449","M","GSM4143658",0
"450","unknown","GSM4143658",13
"451","F","GSM4143660",0
"452","M","GSM4143660",0
"453","unknown","GSM4143660",57
"454","F","GSM4143662",0
"455","M","GSM4143662",0
"456","unknown","GSM4143662",2
"457","F","GSM4143664",0
"458","M","GSM4143664",0
"459","unknown","GSM4143664",46
"460","F","GSM4143666",0
"461","M","GSM4143666",0
"462","unknown","GSM4143666",55
"463","F","GSM4321402",25
"464","M","GSM4321402",0
"465","unknown","GSM4321402",0
"466","F","GSM4321403",15
"467","M","GSM4321403",0
"468","unknown","GSM4321403",0
"469","F","GSM4321404",0
"470","M","GSM4321404",26
"471","unknown","GSM4321404",0
"472","F","GSM4321405",0
"473","M","GSM4321405",8
"474","unknown","GSM4321405",0
"475","F","GSM4544005",0
"476","M","GSM4544005",0
"477","unknown","GSM4544005",40
"478","F","GSM4544006",0
"479","M","GSM4544006",0
"480","unknown","GSM4544006",43
"481","F","GSM4544007",0
"482","M","GSM4544007",0
"483","unknown","GSM4544007",57
"484","F","GSM4763859",0
"485","M","GSM4763859",0
"486","unknown","GSM4763859",14
"487","F","GSM4763860",0
"488","M","GSM4763860",0
"489","unknown","GSM4763860",9
"490","F","GSM4763861",0
"491","M","GSM4763861",0
"492","unknown","GSM4763861",4
"493","F","GSM4763862",0
"494","M","GSM4763862",0
"495","unknown","GSM4763862",1
"496","F","GSM4763863",0
"497","M","GSM4763863",0
"498","unknown","GSM4763863",4
"499","F","GSM4816089",0
"500","M","GSM4816089",0
"501","unknown","GSM4816089",141
"502","F","GSM4876617",0
"503","M","GSM4876617",15
"504","unknown","GSM4876617",0
"505","F","GSM4876620",13
"506","M","GSM4876620",0
"507","unknown","GSM4876620",0
"508","F","GSM5100998",0
"509","M","GSM5100998",0
"510","unknown","GSM5100998",152
"511","F","GSM5100999",0
"512","M","GSM5100999",0
"513","unknown","GSM5100999",82
"514","F","GSM5101000",0
"515","M","GSM5101000",0
"516","unknown","GSM5101000",78
"517","F","GSM5133588",339
"518","M","GSM5133588",0
"519","unknown","GSM5133588",0
"520","F","GSM5133589",328
"521","M","GSM5133589",0
"522","unknown","GSM5133589",0
"523","F","GSM5133590",178
"524","M","GSM5133590",0
"525","unknown","GSM5133590",0
"526","F","GSM5133591",153
"527","M","GSM5133591",0
"528","unknown","GSM5133591",0
"529","F","GSM5133592",0
"530","M","GSM5133592",153
"531","unknown","GSM5133592",0
"532","F","GSM5133593",0
"533","M","GSM5133593",95
"534","unknown","GSM5133593",0
"535","F","GSM5133594",0
"536","M","GSM5133594",221
"537","unknown","GSM5133594",0
"538","F","GSM5133595",0
"539","M","GSM5133595",105
"540","unknown","GSM5133595",0
"541","F","GSM5133596",0
"542","M","GSM5133596",68
"543","unknown","GSM5133596",0
"544","F","GSM5133597",67
"545","M","GSM5133597",0
"546","unknown","GSM5133597",0
"547","F","GSM5133598",63
"548","M","GSM5133598",0
"549","unknown","GSM5133598",0
"550","F","GSM5133599",105
"551","M","GSM5133599",0
"552","unknown","GSM5133599",0
"553","F","GSM5133600",93
"554","M","GSM5133600",0
"555","unknown","GSM5133600",0
"556","F","GSM5133601",71
"557","M","GSM5133601",0
"558","unknown","GSM5133601",0
"559","F","GSM5133602",83
"560","M","GSM5133602",0
"561","unknown","GSM5133602",0
"562","F","GSM5133603",0
"563","M","GSM5133603",71
"564","unknown","GSM5133603",0
"565","F","GSM5133604",123
"566","M","GSM5133604",0
"567","unknown","GSM5133604",0
"568","F","GSM5133605",0
"569","M","GSM5133605",87
"570","unknown","GSM5133605",0
"571","F","GSM5133606",0
"572","M","GSM5133606",117
"573","unknown","GSM5133606",0
"574","F","GSM5206782",0
"575","M","GSM5206782",8
"576","unknown","GSM5206782",0
"577","F","GSM5206783",0
"578","M","GSM5206783",7
"579","unknown","GSM5206783",0
"580","F","GSM5206784",0
"581","M","GSM5206784",11
"582","unknown","GSM5206784",0
"583","F","GSM5226574",59
"584","M","GSM5226574",0
"585","unknown","GSM5226574",0
"586","F","GSM5226575",40
"587","M","GSM5226575",0
"588","unknown","GSM5226575",0
"589","F","GSM5226576",0
"590","M","GSM5226576",84
"591","unknown","GSM5226576",0
"592","F","GSM5226577",31
"593","M","GSM5226577",0
"594","unknown","GSM5226577",0
"595","F","GSM5226578",0
"596","M","GSM5226578",39
"597","unknown","GSM5226578",0
"598","F","GSM5226579",0
"599","M","GSM5226579",17
"600","unknown","GSM5226579",0
"601","F","GSM5226580",0
"602","M","GSM5226580",36
"603","unknown","GSM5226580",0
"604","F","GSM5282537",0
"605","M","GSM5282537",424
"606","unknown","GSM5282537",0
"607","F","GSM5282538",79
"608","M","GSM5282538",0
"609","unknown","GSM5282538",0
"610","F","GSM5282539",0
"611","M","GSM5282539",104
"612","unknown","GSM5282539",0
"613","F","GSM5282540",0
"614","M","GSM5282540",85
"615","unknown","GSM5282540",0
"616","F","GSM5282541",0
"617","M","GSM5282541",134
"618","unknown","GSM5282541",0
"619","F","GSM5282542",0
"620","M","GSM5282542",42
"621","unknown","GSM5282542",0
"622","F","GSM5282543",0
"623","M","GSM5282543",7
"624","unknown","GSM5282543",0
"625","F","GSM5282544",0
"626","M","GSM5282544",125
"627","unknown","GSM5282544",0
"628","F","GSM5282545",0
"629","M","GSM5282545",202
"630","unknown","GSM5282545",0
"631","F","GSM5282546",0
"632","M","GSM5282546",49
"633","unknown","GSM5282546",0
"634","F","GSM5282547",67
"635","M","GSM5282547",0
"636","unknown","GSM5282547",0
"637","F","GSM5282548",0
"638","M","GSM5282548",69
"639","unknown","GSM5282548",0
"640","F","GSM5501481",0
"641","M","GSM5501481",0
"642","unknown","GSM5501481",119
"643","F","GSM5501482",0
"644","M","GSM5501482",0
"645","unknown","GSM5501482",22
"646","F","GSM5870246",0
"647","M","GSM5870246",0
"648","unknown","GSM5870246",81
"649","F","GSM5870247",0
"650","M","GSM5870247",0
"651","unknown","GSM5870247",11
"652","F","GSM5870248",0
"653","M","GSM5870248",0
"654","unknown","GSM5870248",104
"655","F","GSM5870249",0
"656","M","GSM5870249",0
"657","unknown","GSM5870249",21
"658","F","GSM5870251",0
"659","M","GSM5870251",0
"660","unknown","GSM5870251",38
"661","F","GSM5870252",0
"662","M","GSM5870252",0
"663","unknown","GSM5870252",18
"664","F","GSM5870253",0
"665","M","GSM5870253",0
"666","unknown","GSM5870253",48
"667","F","GSM5870254",0
"668","M","GSM5870254",0
"669","unknown","GSM5870254",24
"670","F","GSM5870255",0
"671","M","GSM5870255",0
"672","unknown","GSM5870255",45
"673","F","GSM5870257",0
"674","M","GSM5870257",0
"675","unknown","GSM5870257",25
"676","F","GSM5873135",0
"677","M","GSM5873135",0
"678","unknown","GSM5873135",272
"679","F","GSM5873136",0
"680","M","GSM5873136",0
"681","unknown","GSM5873136",145
"682","F","GSM5873137",0
"683","M","GSM5873137",0
"684","unknown","GSM5873137",418
"685","F","GSM5873138",0
"686","M","GSM5873138",0
"687","unknown","GSM5873138",60
"688","F","GSM5873139",0
"689","M","GSM5873139",0
"690","unknown","GSM5873139",119
"691","F","GSM5873140",0
"692","M","GSM5873140",0
"693","unknown","GSM5873140",497
"694","F","GSM5873141",0
"695","M","GSM5873141",0
"696","unknown","GSM5873141",234
"697","F","GSM5873142",0
"698","M","GSM5873142",0
"699","unknown","GSM5873142",2460
"700","F","GSM5873143",0
"701","M","GSM5873143",0
"702","unknown","GSM5873143",280
"703","F","GSM5873144",0
"704","M","GSM5873144",0
"705","unknown","GSM5873144",42
"706","F","GSM5873145",0
"707","M","GSM5873145",0
"708","unknown","GSM5873145",256
"709","F","GSM5873146",0
"710","M","GSM5873146",0
"711","unknown","GSM5873146",224
"712","F","GSM7103257",0
"713","M","GSM7103257",7
"714","unknown","GSM7103257",0
"715","F","GSM7103264",0
"716","M","GSM7103264",19
"717","unknown","GSM7103264",0
"718","F","GSM7103271",0
"719","M","GSM7103271",7
"720","unknown","GSM7103271",0
"721","F","GSM7103275",0
"722","M","GSM7103275",31
"723","unknown","GSM7103275",0
"724","F","GSM7103276",0
"725","M","GSM7103276",67
"726","unknown","GSM7103276",0
"727","F","GSM7103277",60
"728","M","GSM7103277",0
"729","unknown","GSM7103277",0
"730","F","GSM7103278",0
"731","M","GSM7103278",43
"732","unknown","GSM7103278",0
"733","F","GSM7103279",0
"734","M","GSM7103279",80
"735","unknown","GSM7103279",0
"736","F","GSM7103280",0
"737","M","GSM7103280",72
"738","unknown","GSM7103280",0
"739","F","GSM7103281",0
"740","M","GSM7103281",10
"741","unknown","GSM7103281",0
"742","F","GSM7103282",0
"743","M","GSM7103282",144
"744","unknown","GSM7103282",0
"745","F","GSM7103283",0
"746","M","GSM7103283",10
"747","unknown","GSM7103283",0
"748","F","GSM7103295",0
"749","M","GSM7103295",5
"750","unknown","GSM7103295",0
"751","F","GSM7103296",0
"752","M","GSM7103296",13
"753","unknown","GSM7103296",0
"754","F","GSM7103297",0
"755","M","GSM7103297",15
"756","unknown","GSM7103297",0
"757","F","GSM7103298",0
"758","M","GSM7103298",2
"759","unknown","GSM7103298",0
"760","F","GSM7103305",31
"761","M","GSM7103305",0
"762","unknown","GSM7103305",0
"763","F","GSM7103306",0
"764","M","GSM7103306",19
"765","unknown","GSM7103306",0
"766","F","GSM7103307",22
"767","M","GSM7103307",0
"768","unknown","GSM7103307",0
"769","F","GSM7103308",0
"770","M","GSM7103308",0
"771","unknown","GSM7103308",10
"772","F","GSM7103313",0
"773","M","GSM7103313",0
"774","unknown","GSM7103313",47
"775","F","GSM7103314",0
"776","M","GSM7103314",0
"777","unknown","GSM7103314",214
"778","F","GSM7103315",0
"779","M","GSM7103315",0
"780","unknown","GSM7103315",92
"781","F","GSM7103316",0
"782","M","GSM7103316",138
"783","unknown","GSM7103316",0
"784","F","GSM7103317",76
"785","M","GSM7103317",0
"786","unknown","GSM7103317",0
"787","F","GSM7103318",0
"788","M","GSM7103318",0
"789","unknown","GSM7103318",172
"790","F","GSM7103319",215
"791","M","GSM7103319",0
"792","unknown","GSM7103319",0
"793","F","GSM7103320",0
"794","M","GSM7103320",48
"795","unknown","GSM7103320",0
"796","F","GSM7103327",0
"797","M","GSM7103327",1
"798","unknown","GSM7103327",0
"799","F","GSM7103334",0
"800","M","GSM7103334",27
"801","unknown","GSM7103334",0
"802","F","JVV9L8ng_LUNG",0
"803","M","JVV9L8ng_LUNG",0
"804","unknown","JVV9L8ng_LUNG",19
"805","F","KJYDM1ng_LUNG",0
"806","M","KJYDM1ng_LUNG",0
"807","unknown","KJYDM1ng_LUNG",11
"808","F","LungTranscriptome7119452_LUNG",0
"809","M","LungTranscriptome7119452_LUNG",0
"810","unknown","LungTranscriptome7119452_LUNG",2
"811","F","LungTranscriptome7119453_LUNG",0
"812","M","LungTranscriptome7119453_LUNG",0
"813","unknown","LungTranscriptome7119453_LUNG",4
"814","F","LungTranscriptome7135919_LUNG",0
"815","M","LungTranscriptome7135919_LUNG",0
"816","unknown","LungTranscriptome7135919_LUNG",13
"817","F","LungTranscriptome7135920_LUNG",0
"818","M","LungTranscriptome7135920_LUNG",0
"819","unknown","LungTranscriptome7135920_LUNG",5
"820","F","LungTranscriptome7185212_LUNG",0
"821","M","LungTranscriptome7185212_LUNG",0
"822","unknown","LungTranscriptome7185212_LUNG",14
"823","F","LungTranscriptome7185213_LUNG",0
"824","M","LungTranscriptome7185213_LUNG",0
"825","unknown","LungTranscriptome7185213_LUNG",3
"826","F","LungTranscriptome7239213_LUNG",0
"827","M","LungTranscriptome7239213_LUNG",0
"828","unknown","LungTranscriptome7239213_LUNG",4
"829","F","LungTranscriptome7239217_LUNG",0
"830","M","LungTranscriptome7239217_LUNG",0
"831","unknown","LungTranscriptome7239217_LUNG",11
"832","F","LungTranscriptome7239218_LUNG",0
"833","M","LungTranscriptome7239218_LUNG",0
"834","unknown","LungTranscriptome7239218_LUNG",9
"835","F","LungTranscriptome7239219_LUNG",0
"836","M","LungTranscriptome7239219_LUNG",0
"837","unknown","LungTranscriptome7239219_LUNG",4
"838","F","LungTranscriptome7239220_LUNG",0
"839","M","LungTranscriptome7239220_LUNG",0
"840","unknown","LungTranscriptome7239220_LUNG",9
"841","F","medial_2_LUNG",0
"842","M","medial_2_LUNG",0
"843","unknown","medial_2_LUNG",1
"844","F","medial_3_LUNG",0
"845","M","medial_3_LUNG",0
"846","unknown","medial_3_LUNG",1
"847","F","muc10380",0
"848","M","muc10380",0
"849","unknown","muc10380",29
"850","F","muc3843",0
"851","M","muc3843",0
"852","unknown","muc3843",8
"853","F","muc4658",0
"854","M","muc4658",0
"855","unknown","muc4658",15
"856","F","muc4659",0
"857","M","muc4659",0
"858","unknown","muc4659",1
"859","F","muc5103",0
"860","M","muc5103",0
"861","unknown","muc5103",16
"862","F","muc5105",0
"863","M","muc5105",0
"864","unknown","muc5105",10
"865","F","muc5212",0
"866","M","muc5212",0
"867","unknown","muc5212",8
"868","F","muc5213",0
"869","M","muc5213",0
"870","unknown","muc5213",13
"871","F","muc9832",0
"872","M","muc9832",0
"873","unknown","muc9832",7
"874","F","muc9833",0
"875","M","muc9833",0
"876","unknown","muc9833",18
"877","F","ODGS1Mng_LUNG",0
"878","M","ODGS1Mng_LUNG",0
"879","unknown","ODGS1Mng_LUNG",21
"880","F","P1_2_LUNG",0
"881","M","P1_2_LUNG",0
"882","unknown","P1_2_LUNG",12
"883","F","P1_3_LUNG",0
"884","M","P1_3_LUNG",0
"885","unknown","P1_3_LUNG",19
"886","F","P1_4_LUNG",0
"887","M","P1_4_LUNG",0
"888","unknown","P1_4_LUNG",14
"889","F","P2_1_LUNG",0
"890","M","P2_1_LUNG",0
"891","unknown","P2_1_LUNG",35
"892","F","P2_2_LUNG",0
"893","M","P2_2_LUNG",0
"894","unknown","P2_2_LUNG",21
"895","F","P2_3_LUNG",0
"896","M","P2_3_LUNG",0
"897","unknown","P2_3_LUNG",21
"898","F","P2_4_LUNG",0
"899","M","P2_4_LUNG",0
"900","unknown","P2_4_LUNG",10
"901","F","P2_5_LUNG",0
"902","M","P2_5_LUNG",0
"903","unknown","P2_5_LUNG",35
"904","F","P2_6_LUNG",0
"905","M","P2_6_LUNG",0
"906","unknown","P2_6_LUNG",11
"907","F","P2_7_LUNG",0
"908","M","P2_7_LUNG",0
"909","unknown","P2_7_LUNG",22
"910","F","P2_8_LUNG",0
"911","M","P2_8_LUNG",0
"912","unknown","P2_8_LUNG",23
"913","F","P3_2_LUNG",0
"914","M","P3_2_LUNG",0
"915","unknown","P3_2_LUNG",16
"916","F","P3_3_LUNG",0
"917","M","P3_3_LUNG",0
"918","unknown","P3_3_LUNG",27
"919","F","P3_4_LUNG",0
"920","M","P3_4_LUNG",0
"921","unknown","P3_4_LUNG",10
"922","F","P3_5_LUNG",0
"923","M","P3_5_LUNG",0
"924","unknown","P3_5_LUNG",21
"925","F","P3_6_LUNG",0
"926","M","P3_6_LUNG",0
"927","unknown","P3_6_LUNG",37
"928","F","P3_7_LUNG",0
"929","M","P3_7_LUNG",0
"930","unknown","P3_7_LUNG",49
"931","F","p46c_LUNG",0
"932","M","p46c_LUNG",0
"933","unknown","p46c_LUNG",45
"934","F","p47c_LUNG",0
"935","M","p47c_LUNG",0
"936","unknown","p47c_LUNG",22
"937","F","p50c_LUNG",0
"938","M","p50c_LUNG",0
"939","unknown","p50c_LUNG",74
"940","F","p51c_LUNG",0
"941","M","p51c_LUNG",0
"942","unknown","p51c_LUNG",43
"943","F","proximal_3_LUNG",0
"944","M","proximal_3_LUNG",0
"945","unknown","proximal_3_LUNG",1
"946","F","QZY9VQng_LUNG",0
"947","M","QZY9VQng_LUNG",0
"948","unknown","QZY9VQng_LUNG",23
"949","F","RU675_N",18
"950","M","RU675_N",0
"951","unknown","RU675_N",0
"952","F","RU682_N",0
"953","M","RU682_N",19
"954","unknown","RU682_N",0
"955","F","RU684_N",19
"956","M","RU684_N",0
"957","unknown","RU684_N",0
"958","F","RU685_N",0
"959","M","RU685_N",27
"960","unknown","RU685_N",0
"961","F","S4ECX8ng_LUNG",0
"962","M","S4ECX8ng_LUNG",0
"963","unknown","S4ECX8ng_LUNG",28
"964","F","sample10",0
"965","M","sample10",4
"966","unknown","sample10",0
"967","F","sample11",0
"968","M","sample11",1
"969","unknown","sample11",0
"970","F","sample4",5
"971","M","sample4",0
"972","unknown","sample4",0
"973","F","sample8",3
"974","M","sample8",0
"975","unknown","sample8",0
"976","F","sample9",4
"977","M","sample9",0
"978","unknown","sample9",0
"979","F","SHMI57ng_LUNG",0
"980","M","SHMI57ng_LUNG",0
"981","unknown","SHMI57ng_LUNG",24
"982","F","Travaglini_Krasnow_2020_distal 1a",0
"983","M","Travaglini_Krasnow_2020_distal 1a",15
"984","unknown","Travaglini_Krasnow_2020_distal 1a",0
"985","F","Travaglini_Krasnow_2020_distal 1b",0
"986","M","Travaglini_Krasnow_2020_distal 1b",26
"987","unknown","Travaglini_Krasnow_2020_distal 1b",0
"988","F","Travaglini_Krasnow_2020_distal 2",0
"989","M","Travaglini_Krasnow_2020_distal 2",14
"990","unknown","Travaglini_Krasnow_2020_distal 2",0
"991","F","Travaglini_Krasnow_2020_distal 3",10
"992","M","Travaglini_Krasnow_2020_distal 3",0
"993","unknown","Travaglini_Krasnow_2020_distal 3",0
"994","F","Travaglini_Krasnow_2020_medial 2",0
"995","M","Travaglini_Krasnow_2020_medial 2",5
"996","unknown","Travaglini_Krasnow_2020_medial 2",0
"997","F","Travaglini_Krasnow_2020_medial 3",4
"998","M","Travaglini_Krasnow_2020_medial 3",0
"999","unknown","Travaglini_Krasnow_2020_medial 3",0
"1000","F","Travaglini_Krasnow_2020_proximal 3",3
"1001","M","Travaglini_Krasnow_2020_proximal 3",0
"1002","unknown","Travaglini_Krasnow_2020_proximal 3",0
"1003","F","Vieira_Teichmann_2019_Dropseq_1",0
"1004","M","Vieira_Teichmann_2019_Dropseq_1",9
"1005","unknown","Vieira_Teichmann_2019_Dropseq_1",0
"1006","F","Vieira_Teichmann_2019_Dropseq_2",0
"1007","M","Vieira_Teichmann_2019_Dropseq_2",13
"1008","unknown","Vieira_Teichmann_2019_Dropseq_2",0
"1009","F","ZM3KACng_LUNG",0
"1010","M","ZM3KACng_LUNG",0
"1011","unknown","ZM3KACng_LUNG",19
