"","cell_group_name","cell","groups","cluster_tree","cluster_val"
"1","COPD.COPD.1.1.1.1","192CO-b_CACAGTAAGTCCCACG-0","1.1.1.1","D",28.5
"2","COPD.COPD.1.1.1.1","056CO_TCAGGATTCAAACGGG-0","1.1.1.1","D",28.5
"3","COPD.COPD.1.1.1.1","153CO-a_GTAGTCACATGATCCA-0","1.1.1.1","D",28.5
"4","COPD.COPD.1.1.1.1","193CO-b_TTCTCAAAGCATCATC-0","1.1.1.1","D",28.5
"5","COPD.COPD.1.1.1.1","238CO_CTTCTCTTCTGCCAGG-0","1.1.1.1","D",28.5
"6","COPD.COPD.1.1.1.1","192CO-b_CTACATTTCTGCGTAA-0","1.1.1.1","D",28.5
"7","COPD.COPD.1.1.1.1","178CO_TTCTCCTCAATGTTGC-0","1.1.1.1","D",28.5
"8","COPD.COPD.1.1.1.1","178CO_ACTGAGTAGGAGTAGA-0","1.1.1.1","D",28.5
"9","COPD.COPD.1.1.1.1","235CO_ACACCCTAGAGTCTGG-0","1.1.1.1","D",28.5
"10","COPD.COPD.1.1.1.1","235CO_CTACCCAGTCTCTCGT-0","1.1.1.1","D",28.5
"11","COPD.COPD.1.1.1.1","235CO_TTCGGTCTCGGAATCT-0","1.1.1.1","D",28.5
"12","COPD.COPD.1.1.1.1","192CO_TTTGGTTAGAAGAAGC-0","1.1.1.1","D",28.5
"13","COPD.COPD.1.1.1.1","178CO_CAGCAGCGTCTGATCA-0","1.1.1.1","D",28.5
"14","COPD.COPD.1.1.1.1","192CO-b_TTCTTAGTCAGGTAAA-0","1.1.1.1","D",28.5
"15","COPD.COPD.1.1.1.1","186CO-b_CCTACACGTAAATGTG-0","1.1.1.1","D",28.5
"16","COPD.COPD.1.1.1.1","178CO_TCACGAAGTACCAGTT-0","1.1.1.1","D",28.5
"17","COPD.COPD.1.1.1.1","235CO_ACGGGCTGTAATCACC-0","1.1.1.1","D",28.5
"18","COPD.COPD.1.1.1.1","193CO-a_AGGGTGAGTCCGACGT-0","1.1.1.1","D",28.5
"19","COPD.COPD.1.1.1.1","23CO_GCCTCTAAGCCAGGAT-0","1.1.1.1","D",28.5
"20","COPD.COPD.1.1.1.1","8CO_AGAGCGATCTCTGTCG-0","1.1.1.1","D",28.5
"21","COPD.COPD.1.1.1.1","152CO-a_TACCTATAGACTAGGC-0","1.1.1.1","D",28.5
"22","COPD.COPD.1.1.1.1","178CO_AACTGGTGTAAGAGAG-0","1.1.1.1","D",28.5
"23","COPD.COPD.1.1.1.1","186CO-b_TTTATGCAGCCAGTAG-0","1.1.1.1","D",28.5
"24","COPD.COPD.1.1.1.1","192CO-b_CACACAAGTAGCAAAT-0","1.1.1.1","D",28.5
"25","COPD.COPD.1.1.1.1","052CO-a_CCACGGATCGCGGATC-0","1.1.1.1","D",28.5
"26","COPD.COPD.1.1.1.2","178CO_TGTGTTTTCTGGTGTA-0","1.1.1.2","E",20
"27","COPD.COPD.1.1.1.2","178CO_ACATGGTGTAGAGCTG-0","1.1.1.2","E",20
"28","COPD.COPD.1.1.1.2","152CO-a_TTTGCGCGTCGAGATG-0","1.1.1.2","E",20
"29","COPD.COPD.1.1.1.2","178CO_CGGACGTAGTTTAGGA-0","1.1.1.2","E",20
"30","COPD.COPD.1.1.1.2","178CO_TACTTGTTCACTTCAT-0","1.1.1.2","E",20
"31","COPD.COPD.1.1.1.2","193CO-b_GAATGAAGTTTCCACC-0","1.1.1.2","E",20
"32","COPD.COPD.1.1.1.2","178CO_AGTAGTCAGTTGCAGG-0","1.1.1.2","E",20
"33","COPD.COPD.1.1.1.2","153CO-a_GCATACAAGCGTCAAG-0","1.1.1.2","E",20
"34","COPD.COPD.1.1.1.2","207CO_CCAATCCGTATGAAAC-0","1.1.1.2","E",20
"35","COPD.COPD.1.1.1.2","184CO-b_CAAGGCCAGTTAAGTG-0","1.1.1.2","E",20
"36","COPD.COPD.1.1.1.2","178CO_AAGGCAGTCCAAGCCG-0","1.1.1.2","E",20
"37","COPD.COPD.1.1.1.2","186CO-b_CACTCCAGTGTCCTCT-0","1.1.1.2","E",20
"38","COPD.COPD.1.1.1.2","178CO_ACTTGTTAGAAACCGC-0","1.1.1.2","E",20
"39","COPD.COPD.1.1.1.2","GTTCTCGTCGACAGCC-1_3-20","1.1.1.2","E",20
"40","COPD.COPD.1.1.1.2","TGGGCGTGTCTGCCAG-1_1-20","1.1.1.2","E",20
"41","COPD.COPD.1.1.1.2","ACACTGAGTCGCGGTT-1_8-4","1.1.1.2","E",20
"42","COPD.COPD.1.1.1.2","CGAGCCAGTTTCGCTC-1_2-4","1.1.1.2","E",20
"43","COPD.COPD.1.1.2","153CO-a_AGGGATGGTCGCTTTC-0","1.1.2","F",5.5
"44","COPD.COPD.1.1.2","238CO_ACTTACTCAATGACCT-0","1.1.2","F",5.5
"45","COPD.COPD.1.1.2","178CO_CAGTAACTCGGCTTGG-0","1.1.2","F",5.5
"46","COPD.COPD.1.1.2","237CO_TACGGATTCGTTGACA-0","1.1.2","F",5.5
"47","COPD.COPD.1.1.2","186CO-b_CTTTGCGGTCTGGAGA-0","1.1.2","F",5.5
"48","COPD.COPD.1.1.2","056CO_CTAGCCTGTATCTGCA-0","1.1.2","F",5.5
"49","COPD.COPD.1.1.2","152CO-a_AACTCCCCACAACTGT-0","1.1.2","F",5.5
"50","COPD.COPD.1.1.2","184CO-b_ACGCAGCGTATTCTCT-0","1.1.2","F",5.5
"51","COPD.COPD.1.1.2","152CO-a_CTTGGCTCACGCATCG-0","1.1.2","F",5.5
"52","COPD.COPD.1.2.1.1","193CO-b_CTTACCGGTTACGGAG-0","1.2.1.1",NA,NA
"53","COPD.COPD.1.2.1.1","TACACGAAGTGGGATC-1_8-20","1.2.1.1",NA,NA
"54","COPD.COPD.1.2.1.1","CCTCTGACAATGGACG-1_2-20","1.2.1.1",NA,NA
"55","COPD.COPD.1.2.1.1","GGATTACAGCAGCGTA-1_3-20","1.2.1.1",NA,NA
"56","COPD.COPD.1.2.1.2","AGGTCATTCACGTCCT_7-7","1.2.1.2","I",14.5
"57","COPD.COPD.1.2.1.2","GTAACACAGAGAGTTT-1_8-12","1.2.1.2","I",14.5
"58","COPD.COPD.1.2.1.2","AAATGCCGTTCCACAA-1_1-7","1.2.1.2","I",14.5
"59","COPD.COPD.1.2.1.2","CCATAAGAGCTACGTT-1_3-12","1.2.1.2","I",14.5
"60","COPD.COPD.1.2.1.2","GAGTCCGTCGAACGGA-1_8-20","1.2.1.2","I",14.5
"61","COPD.COPD.1.2.1.2","ACAGCCGAGCGGTATG-1_4-12","1.2.1.2","I",14.5
"62","COPD.COPD.1.2.1.2","ACGCAGCTCCCGACTT-1_1-7","1.2.1.2","I",14.5
"63","COPD.COPD.1.2.1.2","TTCCCAGAGAAACGAG-1_8-20","1.2.1.2","I",14.5
"64","COPD.COPD.1.2.1.2","AACAAGAAGAAGATCT_7-7","1.2.1.2","I",14.5
"65","COPD.COPD.1.2.1.2","CATTATCAGTGAACGC-1_3-20","1.2.1.2","I",14.5
"66","COPD.COPD.1.2.1.2","CTCCTCCTCCAACCAA-1_2-12","1.2.1.2","I",14.5
"67","COPD.COPD.1.2.1.2","AGGAAATAGGAGTATT_7-7","1.2.1.2","I",14.5
"68","COPD.COPD.1.2.1.2","TTCACCGCAAGGTCAG-1_3-7","1.2.1.2","I",14.5
"69","COPD.COPD.1.2.1.2","AAGACTCCATCATTTC_7-7","1.2.1.2","I",14.5
"70","COPD.COPD.1.2.1.2","GCCAACGAGCGCGTTC_7-7","1.2.1.2","I",14.5
"71","COPD.COPD.1.2.1.2","CAAGAGGTCCTATTGT-1_4-12","1.2.1.2","I",14.5
"72","COPD.COPD.1.2.2.1","GCAATCATCCTTGCCA-1_4-20","1.2.2.1","K",12.5
"73","COPD.COPD.1.2.2.1","CTTGGCTCATCGACGC-1_8-20","1.2.2.1","K",12.5
"74","COPD.COPD.1.2.2.1","CTTACCGGTTTGCATG-1_4-4","1.2.2.1","K",12.5
"75","COPD.COPD.1.2.2.1","CTTGGCTTCGTCGTTC-1_12-4","1.2.2.1","K",12.5
"76","COPD.COPD.1.2.2.2","TTAGGCACATAGACTC-1_8-20","1.2.2.2","L",14.5
"77","COPD.COPD.1.2.2.2","AACACGTAGTTCGCGC-1_8-20","1.2.2.2","L",14.5
"78","COPD.COPD.1.2.2.2","CTCGAAACATATGGTC-1_8-20","1.2.2.2","L",14.5
"79","COPD.COPD.1.2.2.2","GATCGTACACGAAATA-1_3-20","1.2.2.2","L",14.5
"80","COPD.COPD.1.2.2.2","GCATACAGTACGCTGC-1_8-20","1.2.2.2","L",14.5
"81","COPD.COPD.1.2.2.2","TAGGCATGTGCAGACA-1_3-20","1.2.2.2","L",14.5
"82","COPD.COPD.1.2.2.2","CGGAGCTCATACCATG-1_3-20","1.2.2.2","L",14.5
"83","COPD.COPD.1.2.2.2","AGCCTAAAGAAACCGC-1_8-20","1.2.2.2","L",14.5
"84","COPD.COPD.1.2.2.2","AATCGGTAGCCCAGCT-1_8-20","1.2.2.2","L",14.5
"85","COPD.COPD.1.2.2.2","TGCCCTATCGATCCCT-1_3-4","1.2.2.2","L",14.5
"86","COPD.COPD.1.2.2.2","AGCATACCATCCAACA-1_8-4","1.2.2.2","L",14.5
"87","COPD.COPD.1.2.2.2","GCAATCATCGTGACAT-1_8-4","1.2.2.2","L",14.5
"88","COPD.COPD.1.2.2.2","TCAGCTCAGGGATACC-1_8-4","1.2.2.2","L",14.5
"89","COPD.COPD.1.2.2.2","CACAAACGTGTCGCTG-1_3-4","1.2.2.2","L",14.5
"90","COPD.COPD.1.2.2.2","CAGAGAGTCGCCCTTA-1_8-4","1.2.2.2","L",14.5
"91","COPD.COPD.1.2.2.2","AGTGGGATCGCGATCG-1_8-4","1.2.2.2","L",14.5
"92","COPD.COPD.1.2.2.2","CAAGATCGTTCACGGC-1_8-4","1.2.2.2","L",14.5
"93","COPD.COPD.1.2.2.2","TAAACCGGTGGTTTCA-1_8-4","1.2.2.2","L",14.5
"94","COPD.COPD.1.2.2.2","ATCTACTTCTGCAAGT-1_8-4","1.2.2.2","L",14.5
"95","COPD.COPD.1.2.2.2","TTGCGTCAGGGATCTG-1_2-4","1.2.2.2","L",14.5
"96","COPD.COPD.1.2.2.2","GCATGCGGTCGAGTTT-1_6-4","1.2.2.2","L",14.5
"97","COPD.COPD.1.2.2.2","GTGAAGGGTTCACCTC-1_8-4","1.2.2.2","L",14.5
"98","COPD.COPD.1.2.2.2","GGCCGATCACATTAGC-1_3-4","1.2.2.2","L",14.5
"99","COPD.COPD.1.2.2.2","CCTTCGACATACTACG-1_8-4","1.2.2.2","L",14.5
"100","COPD.COPD.1.2.2.2","ATCATGGAGTGTCCAT-1_1-4","1.2.2.2","L",14.5
"101","Normal.Normal.1.1.1.1","HD68_GATCTAGCAAGCGAGT-19","1.1.1.1","D",28.5
"102","Normal.Normal.1.1.1.1","GGCTCGAGTTTGTGTG-1_24-16","1.1.1.1","D",28.5
"103","Normal.Normal.1.1.1.1","TATTACCCATGACATC-1_4-2","1.1.1.1","D",28.5
"104","Normal.Normal.1.1.1.1","TGGCCAGCACGGTAAG-1_4-2","1.1.1.1","D",28.5
"105","Normal.Normal.1.1.1.1","ACTGAGTGTCCGACGT-1_4-2","1.1.1.1","D",28.5
"106","Normal.Normal.1.1.1.1","GTCGTAAGTGACGGTA-1_9-7","1.1.1.1","D",28.5
"107","Normal.Normal.1.1.1.1","ACGGTTACATCGCTGG-1_17-7","1.1.1.1","D",28.5
"108","Normal.Normal.1.1.1.1","TGAGCCGAGTAAGTAC-1_8-7","1.1.1.1","D",28.5
"109","Normal.Normal.1.1.1.1","CTGAATGCAGAGCTAG-1_17-7","1.1.1.1","D",28.5
"110","Normal.Normal.1.1.1.1","ACTTGTTGTCTAGGTT-1_12-7","1.1.1.1","D",28.5
"111","Normal.Normal.1.1.1.1","CATCCACGTTCAACCA-1_9-7","1.1.1.1","D",28.5
"112","Normal.Normal.1.1.1.1","TGAGAGGGTGCGAAAC-1_16-7","1.1.1.1","D",28.5
"113","Normal.Normal.1.1.1.1","ATTCTACAGGAGCGTT-1_16-7","1.1.1.1","D",28.5
"114","Normal.Normal.1.1.1.1","TCCACACAGGCAGTCA-1_11-7","1.1.1.1","D",28.5
"115","Normal.Normal.1.1.1.1","GACAGAGCACTGTGTA-1_15-7","1.1.1.1","D",28.5
"116","Normal.Normal.1.1.1.1","GTAACTGAGGAGCGAG-1_10-7","1.1.1.1","D",28.5
"117","Normal.Normal.1.1.1.1","ATGAGGGAGAGCTTCT-1_9-7","1.1.1.1","D",28.5
"118","Normal.Normal.1.1.1.1","CATTATCGTCATGCCG-1-HCATisStab7747198-2","1.1.1.1","D",28.5
"119","Normal.Normal.1.1.1.1","CTCGGAGTCAGTTAGC-1-HCATisStab7587211-2","1.1.1.1","D",28.5
"120","Normal.Normal.1.1.1.1","ACTTACTGTTGTACAC-1-HCATisStab7747200-2","1.1.1.1","D",28.5
"121","Normal.Normal.1.1.1.1","TCCTGCAAGCGTTAGG-1_1-7","1.1.1.1","D",28.5
"122","Normal.Normal.1.1.1.1","GGGTAGATCTTCCCGA-1_9-7","1.1.1.1","D",28.5
"123","Normal.Normal.1.1.1.1","S140_P3_6_CTCCTAGAGGCGACAT_7-2","1.1.1.1","D",28.5
"124","Normal.Normal.1.1.1.1","CGGACTGTCGTTTAGG-1_16-0","1.1.1.1","D",28.5
"125","Normal.Normal.1.1.1.1","S103_P2_1_GGGTTGCGTGGTACAG_7-2","1.1.1.1","D",28.5
"126","Normal.Normal.1.1.1.1","GGACATTCGTAACATCCC_6-2","1.1.1.1","D",28.5
"127","Normal.Normal.1.1.1.1","CTCGGAGAGATGCGAC-1_59-0","1.1.1.1","D",28.5
"128","Normal.Normal.1.1.1.1","S134_P3_7_ACCGTAACATGACATC_7-2","1.1.1.1","D",28.5
"129","Normal.Normal.1.1.1.1","GCGCAACCATTACGAC-1_53-0","1.1.1.1","D",28.5
"130","Normal.Normal.1.1.1.1","CTAATGGAGCGACGTA-1_36-0","1.1.1.1","D",28.5
"131","Normal.Normal.1.1.1.1","S138_P3_3_ACATCAGGTCTTTCAT_7-2","1.1.1.1","D",28.5
"132","Normal.Normal.1.1.1.1","TTCTACAAGGCCGAAT-1_21-0","1.1.1.1","D",28.5
"133","Normal.Normal.1.1.1.2","TTAGGACCACTATCTT_1-6","1.1.1.2","E",20
"134","Normal.Normal.1.1.1.2","ATAAGAGCAATGAATG-1_1-7","1.1.1.2","E",20
"135","Normal.Normal.1.1.1.2","CTGCGGATCGGGAGTA-1_1-7","1.1.1.2","E",20
"136","Normal.Normal.1.1.1.2","TGAGAGGAGGAGTTGC-1_1-7","1.1.1.2","E",20
"137","Normal.Normal.1.1.1.2","ATGAGGGAGTGCCAGA-1_12-16","1.1.1.2","E",20
"138","Normal.Normal.1.1.1.2","022C-a_CGAGCCAAGCGTTGCC-0","1.1.1.2","E",20
"139","Normal.Normal.1.1.1.2","AGTGAGGCAACGATCT-1_3-2","1.1.1.2","E",20
"140","Normal.Normal.1.1.1.2","ACATGGTAGAAACCGC-1_10-7","1.1.1.2","E",20
"141","Normal.Normal.1.1.1.2","CTCACACGTACATCCA-1_10-7","1.1.1.2","E",20
"142","Normal.Normal.1.1.1.2","CTCAACCCATGGAATA-1_1-19","1.1.1.2","E",20
"143","Normal.Normal.1.1.1.2","CTGATCCGTCGACTAT-1_12-7","1.1.1.2","E",20
"144","Normal.Normal.1.1.1.2","CAGCGTGCATATCTCT-1_1-19","1.1.1.2","E",20
"145","Normal.Normal.1.1.1.2","GTCACGGTCAGTTTGG-1_8-7","1.1.1.2","E",20
"146","Normal.Normal.1.1.1.2","TTAGTTCTCCGATATG-1_9-7","1.1.1.2","E",20
"147","Normal.Normal.1.1.1.2","RU682_N_122293366680884-1","1.1.1.2","E",20
"148","Normal.Normal.1.1.1.2","ACCTGTCCAAGGCCTC-1_1-7","1.1.1.2","E",20
"149","Normal.Normal.1.1.1.2","GTAGTCAGTCGGCACT_1-5","1.1.1.2","E",20
"150","Normal.Normal.1.1.1.2","CTACATTAGACTCGAG-1_1-7","1.1.1.2","E",20
"151","Normal.Normal.1.1.1.2","ACTGCTCAGGCGACAT-1_10-3","1.1.1.2","E",20
"152","Normal.Normal.1.1.1.2","GACGTGCGTTACAGAA_1-5","1.1.1.2","E",20
"153","Normal.Normal.1.1.1.2","CCACGGATCAGGCGAA-1_24-3","1.1.1.2","E",20
"154","Normal.Normal.1.1.1.2","S2278_LungTranscriptome7239220_LungTranscriptome7239220GCTTCCAAGCCAGTAG-1_11-2","1.1.1.2","E",20
"155","Normal.Normal.1.1.1.2","S2362_LungTranscriptome7185212_GCAATCAAGGTGACCA-1_11-2","1.1.1.2","E",20
"156","Normal.Normal.1.1.2","AdultLung_3.AAGCGGGAGATCGAACGC4-1-0","1.1.2","F",5.5
"157","Normal.Normal.1.1.2","AdultLung_3.CCGACGCGAGTAACACCC4-1-0","1.1.2","F",5.5
"158","Normal.Normal.1.2.1.1","CAGAGAGAGTCGCCGT-1_18-0","1.2.1.1",NA,NA
"159","Normal.Normal.1.2.1.1","484C_TGAGGGAAGGCGTACA-0","1.2.1.1",NA,NA
"160","Normal.Normal.1.2.1.1","CAACCTCCAAGGACAC-1_1-16","1.2.1.1",NA,NA
"161","Normal.Normal.1.2.1.1","muc3843_TAACATGAGGAG-3","1.2.1.1",NA,NA
"162","Normal.Normal.1.2.1.1","GCCAAATCATACTCTT-1_35-0","1.2.1.1",NA,NA
"163","Normal.Normal.1.2.1.2","CTCGAGGTCACCAGGC-1_18-0","1.2.1.2","I",14.5
"164","Normal.Normal.1.2.1.2","TCTCTAAAGTTGTCGT-1_19-0","1.2.1.2","I",14.5
"165","Normal.Normal.1.2.1.2","F01366_AACCATGGTCACTGGC-19","1.2.1.2","I",14.5
"166","Normal.Normal.1.2.1.2","ACTGAACTCTATCGCC-1_18-0","1.2.1.2","I",14.5
"167","Normal.Normal.1.2.1.2","TACATTCAGTGATAAC-1_9-1","1.2.1.2","I",14.5
"168","Normal.Normal.1.2.1.2","TGGATGTCAACAGCCC-1_11-1","1.2.1.2","I",14.5
"169","Normal.Normal.1.2.1.2","GTGGTTAGTATCAAGA-1_10-1","1.2.1.2","I",14.5
"170","Normal.Normal.1.2.1.2","GGGCGTTTCGGTCACG-1_12-1","1.2.1.2","I",14.5
"171","Normal.Normal.1.2.1.2","TTCCTTCTCAACTGAC-1_11-1","1.2.1.2","I",14.5
"172","Normal.Normal.1.2.1.2","TGCATCCTCACCTGGG-1_9-1","1.2.1.2","I",14.5
"173","Normal.Normal.1.2.1.2","AATGAAGAGAAGAGCA-1_10-1","1.2.1.2","I",14.5
"174","Normal.Normal.1.2.1.2","CCCAGTTCATCGACGC-1_45-0","1.2.1.2","I",14.5
"175","Normal.Normal.1.2.1.2","TGAAAGAGTGTGGTTT-1_54-0","1.2.1.2","I",14.5
"176","Normal.Normal.1.2.2.1","388C_GGTATTGCAGTGGGAT-0","1.2.2.1","K",12.5
"177","Normal.Normal.1.2.2.1","160C_CAAGATCGTCGTCTTC-0","1.2.2.1","K",12.5
"178","Normal.Normal.1.2.2.1","388C_CAGCGACGTAGATTAG-0","1.2.2.1","K",12.5
"179","Normal.Normal.1.2.2.1","133C-a_CCGTGGAAGGCATGTG-0","1.2.2.1","K",12.5
"180","Normal.Normal.1.2.2.1","226C-b_ACTGATGAGGGTATCG-0","1.2.2.1","K",12.5
"181","Normal.Normal.1.2.2.1","137C-b_TCGGGACCACGTGAGA-0","1.2.2.1","K",12.5
"182","Normal.Normal.1.2.2.1","192C-a_GATGCTATCTGTCTAT-0","1.2.2.1","K",12.5
"183","Normal.Normal.1.2.2.1","226C-a_TGACAACCACACATGT-0","1.2.2.1","K",12.5
"184","Normal.Normal.1.2.2.1","022C-b_ATCCGAAGTCCGTGAC-0","1.2.2.1","K",12.5
"185","Normal.Normal.1.2.2.1","465C_CCTAAAGGTAACGTTC-0","1.2.2.1","K",12.5
"186","Normal.Normal.1.2.2.1","133C-a_CAGTAACGTATATGAG-0","1.2.2.1","K",12.5
"187","Normal.Normal.1.2.2.1","226C-b_AGATTGCCACAACGTT-0","1.2.2.1","K",12.5
"188","Normal.Normal.1.2.2.1","092C_TCATTTGAGTCAATAG-0","1.2.2.1","K",12.5
"189","Normal.Normal.1.2.2.1","098C-a_ATAAGAGAGAACTGTA-0","1.2.2.1","K",12.5
"190","Normal.Normal.1.2.2.1","226C-b_AGCATACCATGACGGA-0","1.2.2.1","K",12.5
"191","Normal.Normal.1.2.2.1","001C_AGGCCGTGTCTGGTCG-0","1.2.2.1","K",12.5
"192","Normal.Normal.1.2.2.1","388C_GGGCACTAGTCGATAA-0","1.2.2.1","K",12.5
"193","Normal.Normal.1.2.2.1","muc5105_GATAGTTAACGG-3","1.2.2.1","K",12.5
"194","Normal.Normal.1.2.2.1","TTCAATCAGGAACGTC-1_3-7","1.2.2.1","K",12.5
"195","Normal.Normal.1.2.2.1","S2330_16E0F2ng_CCATTCGTCCAAAGTC-1_14-2","1.2.2.1","K",12.5
"196","Normal.Normal.1.2.2.1","S2327_1A1DFBng_ACACCAACAAGTTCTG-1_14-2","1.2.2.1","K",12.5
"197","Normal.Normal.1.2.2.2","439C_TCATTACGTCAAACTC-0","1.2.2.2","L",14.5
"198","Normal.Normal.1.2.2.2","439C-b_CCAATCCAGACTTGAA-0","1.2.2.2","L",14.5
"199","Normal.Normal.1.2.2.2","GTCAAGTGTGCAGGAT.1_1-11","1.2.2.2","L",14.5
"200","Normal.Normal.1.2.2.2","S2327_1A1DFBng_CTCATTAGTCATTAGC-1_14-2","1.2.2.2","L",14.5
